titulo,detalle,cuerpo
Rosa D√≠ez sufri√≥ un escrache en la misma sala del campus de Somosaguas ... con la presencia de Pablo Iglesias,"Bronca a Iglesias por j√≥venes de izquierdas en Somosaguas : ""¬°Fuera vendeobreros de la universidad!""¬øQui√©n es el Frente Obrero, el colectivo que intent√≥ un escrache a Pablo Iglesias en Somosaguas?","El l√≠der de Unidas Podemos y vicepresidente segundo del Gobiernoha sufrido un escrache en el sal√≥n de actos de la Facultad de Ciencias Pol√≠ticas y Sociolog√≠a de la Universidad Complutense de Madrid. Se trata del mismo aula donde fue increpada la l√≠der de Uni√≥n, Progreso y Democracia (UPYD), Rosa D√≠ez, en 2010, en un escrache que cont√≥ con la presencia de Iglesias.Entonces Iglesias era profesoren esa facultad y en las im√°genes se le ve hablando con una estudiante justo antes de que √©sta iniciase la acci√≥n de protesta. Despu√©s, se sit√∫a junto a ellos. Entre los que protestaban estaba asimismo el tambi√©n cofundador de Podemos √ç√±igo Errej√≥n.""√âl lo tiene en su deber y tiene que explicar por qu√© me lo organiz√≥"", dijo D√≠ez hace unos a√±os. La pol√≠tica sigue acusando a Iglesias de haber organizado el escrache, aunque el l√≠der de Unidas Podemos lo niega. Iglesias¬†insisti√≥ en que all√≠ ""no se produjo ning√∫n escrache"" y que nadie de Podemos particip√≥ en √©l. Seg√∫n dijo,¬† estaba all√≠ ""como profesor"" para escuchar a D√≠ez y los alumnos lo que hicieron fue ""mostrar una tarjeta roja"" e ""invitar a tener un debate, que despu√©s se produjo"".Este mi√©rcoles, la fundadora de UPyD ha recordado en Twitter la escena vivida en 2010, al tiempo que ha manifestado su rechazo a los escraches.¬†""Rechazo que los alumnos de Pablo Iglesias hayan seguido su ejemplo y hoy le hayan hecho un escrache como el que √©l me organiz√≥ a m√≠. Ojal√° no pase lo mismo con los alumnos de Junqueras..."", ha escrito Rosa D√≠ez en su cuenta de esta red social.Rechazo que los ex alumnos de Pablo Iglesias hayan seguido su ejemplo y hoy le hayan hecho un escrache como el que √©l me organiz√≥ a mi. Ojal√° no pase lo mismo con los alumnos de Junqueras... https://t.co/JsI24Mzc3P‚Äî Rosa D√≠ez (@rosadiezglez) March 4, 2020El escrache en 2010 a D√≠ezEn 2010 cerca de doscientos estudiantes de pol√≠ticas recibieron con abucheos y pitidos a Rosa D√≠ez a su llegada al campus universitario para pronunciar una conferencia, donde adem√°s se encontr√≥ con pancartas rechazando su presencia y con lemas como 'V√≠ctima profesional, asesina legal'.La l√≠der de UPyD no sab√≠a que se permitir√≠a a los estudiantes leer sus protestas antes incluso de que ella interviniera y ""soport√≥ palabras insultantes"". Mientras los estudiantes le√≠an su manifiesto, la diputada se mantuvo con la mirada al frente y semblante serio.El texto de protesta tildaba la presencia de Rosa D√≠ez en la universidad como ""despreciable, clientelar y oportunista"". ""A los oportunistas como usted les sacamos tarjeta roja"". Uno de los que sacaron la tarjeta roja a la pol√≠tica fue √ç√±igo Errej√≥n, ex de Podemos y actual l√≠der de M√°s Madrid.¬†Se cierra el c√≠rculo: a Pablo Iglesias le hacen un escrache donde √©l lo hizo a Rosa D√≠ez https://t.co/dYqB3cJke3pic.twitter.com/rPdjxVOKZb‚Äî Aurelio Ruiz Enebral (@AurelioREnebral) March 4, 2020"
Hacienda descarta ayudar a las empresa hasta ver si el coronavirus se prolonga en el tiempo,Los ministros de Econom√≠a de la UE recuerdan que se pueden superar los l√≠mites de d√©ficit para hacer frente a la crisis.Gobierno rechaza de momento pedir m√°s gasto a la UE por el coronavirus y prepara ‚Äúmedidas‚Äù por si hay que actuar.El Gobierno espera un impacto econ√≥mico ‚Äúpoco significativo‚Äù del coronavirus con una recuperaci√≥n r√°pida.,"Los casos de coronavirus aumentan todos los d√≠as y empresas, trabajadores y aut√≥nomos empiezan a prepararse para afrontar la crisis sanitaria, pero el Gobierno no aprecia de momento m√°s que un efecto ‚Äúpoco significativo‚Äù sobre la econom√≠a y estudia medidas, aunque reclama ""cautela"" por ahora no piensa tomar ninguna decisi√≥n.¬†‚ÄúEstamos prepar√°ndonos por su hubiera que tomar medidas‚Äù, han se√±alado este mi√©rcoles fuentes del Ministerio de Econom√≠a.Una de ellas ser√≠an las ayudas a las empresas, algo que ya ha hecho Italia -el pa√≠s europeo m√°s afectado por el brote de coronavirus- pero que en Espa√±a a√∫n son solo una posibilidad que no est√° a√∫n sobre la mesa.La ministra de Hacienda, Mar√≠a Jes√∫s Montero, ha afirmado este mi√©rcoles en el Senado que el Ejecutivo estudiar√° conceder ""ayudas fiscales"" a las empresas, pero solo si la crisis del coronavirus se prolonga en el tiempo.Pero no parece inmediato, ya que la ministra ha dicho que ""todav√≠a no podemos hablar de que se note en el funcionamiento habitual de la econom√≠a"".Flexibilidad presupuestariaEn caso de que finalmente el Gobierno active un programa de ayudas fiscales para la empresas, quiz√° tendr√≠a tambi√©n que echar mano de la herramienta comunitaria que este mi√©rcoles el Eurogrupo ha recordado que que existe para casos como el actual, en el que un acontecimiento ""sobrevenido"" escapa al ""control de los Gobiernos.La vicepresidenta tercera y ministra de Econom√≠a, Nadia Calvi√±o, ha participado¬† en una reuni√≥n a distancia del Eurogrupo -ampliado a los pa√≠ses de la UE que no tienen el euro como moneda-, que ha constatado que los Estados miembros pueden¬† acogerse a la cla√∫sula que contempla el Pacto de Estabilidad y Crecimiento para hacer frente a situaciones extraordinarias como la que los ministros ha coincidido en que ha planteado el coronavirus.En esta situaci√≥n, la Comisi√≥n Europea permitir√≠a que los pa√≠ses gasten m√°s de lo previsto y que engorden por ello su d√©ficit p√∫blico, de manera temporal para hacerla frente. En rueda de prensa desde Lisboa al t√©rmino del Ecof√≠n a distancia, su presidente, M√°rio Centeno, ha asegurado que la UE est√° preparada para tomar m√°s medidas, incluidas de tipo fiscal donde sea apropiado para apoyar el crecimiento‚ÄúNuestras reglas fiscales contemplan flexibilidad para atender acontecimientos inusuales fuera del control del gobierno‚Äù, ha dicho el tambi√©n ministro portugu√©s de Finanzas. Se refer√≠a a la cl√°usula del Pacto de Estabilidad y Crecimiento que intenta mantener a rajatabla el d√©ficit y deuda p√∫blicas que permitir√≠a a los Estados miembros una ‚Äúdesviaci√≥n temporal‚Äù de sus planes de ajuste presupuestario. En el caso presente, ser√≠a para dedicar recurso a paliar la crisis por el coronavirus y solo de manear temporal.El Gobierno estudia medidasSin embargo, esta es una medida que de momento contempla el Gobierno espa√±ol, que¬†reclama ""cautela"" porque admite que no se puede saber c√≥mo va a evolucionar la situaci√≥n, por ahora no contempla acogerse a la posibilidad.¬†En la reuni√≥n con sus colegas europeos, Calvi√±o se ha limitado a explicar que el Ejecutivo sigue evaluando la situaci√≥n ‚Äúpara poder actuar con rapidez‚Äù, seg√∫n han dicho fuentes de su departamento despu√©s.De momento, el Gobierno no precisa qu√© tipo de medidas se tomar√≠an ni qu√© acontecimiento las desencadenar√≠a y en el Ministerio de Econom√≠a se han limitado a apuntar que ""si hubiera alg√∫n cambio [en la situaci√≥n], estamos preparados para que la reacci√≥n sea r√°pida‚Äù.‚ÄúEstamos prepar√°ndonos por su hubiera que tomar medidas‚Äù, han se√±alado fuentes del Ministerio de Econom√≠a."
"Bronca a Pablo Iglesias de un grupo de j√≥venes de izquierdas en Somosaguas : ""¬°Fuera vendeobreros de la universidad!""","El l√≠der de Unidas Podemos protagonizaba una conferencia titulada ‚ÄòReaccionarismo y fascismo en el siglo XXI‚Äô.Rosa D√≠ez sufri√≥ un escrache en la misma sala del campus de Somosaguas ... con la presencia de Pablo Iglesias.¬øQui√©n es el Frente Obrero, el colectivo que intent√≥ un escrache a Pablo Iglesias en Somosaguas?","Un grupo perteneciente al colectivo Frente Obrero ha increpado este mi√©rcoles al vicepresidente segundo del Gobierno, Pablo Iglesias, al grito de ""¬°Fuera vendeobreros de la universidad!"" en un acto¬†en la Facultad de Pol√≠ticas situada en Somosaguas (Madrid).¬øQui√©n es el Frente Obrero, el colectivo que intent√≥ un escrache a Pablo Iglesias en Somosaguas?Al inicio de la intervenci√≥n de Iglesias, varios j√≥venes interrumpieron el acto acusando al vicepresidente de haber vendido a los obreros y con gritos de ""verg√ºenza"". El resto del p√∫blico respondi√≥ con abucheos y silbidos al grupo de Frente Obrero y gritaron el lema de ""Fuera fascistas de la universidad"".El l√≠der de Unidas Podemos protagonizaba una conferenciasobre 'Reaccionarismo y fascismo en el siglo XXI‚Äô en la Facultad de Ciencias Pol√≠ticas y Sociolog√≠a de la Universidad Complutense de Madrid junto al exvicepresidente boliviano √Ålvaro Garc√≠a Linera. Iglesias ejerc√≠a de profesor antes de saltar a la primera l√≠nea pol√≠tica cuando cre√≥ Podemos en 2014.¬†Tras la interrupci√≥n, Iglesias ha pedido a los organizadores que les cediera un micr√≥fono para que tomaran la palabra, y poder escuchar sus demandas. Tras un breve debate, los j√≥venes de izquierdas han optado por abandonar el sal√≥n de actos.üî¥ Un grupo de estudiantes increpa a Pablo Iglesias en un acto de la Facultad de Ciencias Pol√≠ticas de la UCM, en Somosaguas. El vicepresidente segundo iba a iniciar su intervenci√≥n en la conferencia ‚ÄòReaccionarismo y fascismo en el siglo XXI‚ÄôDIRECTO | https://t.co/MX12KGWtTypic.twitter.com/4zYqGiCppC‚Äî 24h (@24h_tve) March 4, 2020La ra√≠z de la bronca""Sois igual que Errej√≥n y Carmena, no vais a la ra√≠z del problema... Lo √∫nico que hac√©is es vivir del bote"", le ha dicho a Iglesias uno de los j√≥venes, que le ha dicho tambi√©n que la √∫nica soluci√≥n contra la emergencia de la extrema derecha es ""acabar con el capitalismo"" y tambi√©n con Podemos.Unos estudiantes han interrumpido mi acto en la Complutense con Garc√≠a Linera. He pedido que les dieran un micr√≥fono para poder discutir. Cualquiera que acuda a la universidad, y m√°s si tiene responsabilidades pol√≠ticas, debe escuchar. Por desgracia no han querido dialogar ü§∑‚Äç‚ôÇÔ∏è pic.twitter.com/PEjcoWCjmD‚Äî Pablo Iglesias üîª (@PabloIglesias) March 4, 2020""La obligaci√≥n de quien se sienta aqu√≠ es escuchar y yo quiero escuchar"", ha asegurado Iglesias, que ha pedido adem√°s a quienes le increpaban que lo escuchasen a √©l tambi√©n en su respuesta.""Creo que dices algunas cosas que son ciertas, pero la radicalidad que tiene uno no est√° en lo que dice, sino en lo que consigue"", ha asegurado Iglesias, aunque los j√≥venes segu√≠an en sus quejas.Ante esa situaci√≥n, el vicepresidente y l√≠der de Podemos le ha dicho que aceptaba ""la consideraci√≥n moral"" que tienen de √©l. ""Acepto que nos llames traidores y vendidos al capitalismo"", ha afirmado Iglesias, que les ha instado a escuchar.El grupo de j√≥venes ha abandonado poco despu√©s el sal√≥n de actos, ante lo que Iglesias ha recibido un aplauso. ""Tampoco es para tanto, creo que habr√≠a sido mucho m√°s interesante mantener una discusi√≥n"", ha asegurado, para acto seguido continuar con la charla.Reacci√≥n de Rosa D√≠ezRosa D√≠ez sufri√≥ un escrache en la misma sala del campus de Somosaguas ... con la presencia de Pablo IglesiasLa cofundadora de UPyD, Rosa D√≠ez, que vivi√≥ la misma escena hace diez a√±os en el mismo lugar y con el actual vicepresidente segundo del Gobierno como uno de los profesores que participaron en el escrache que ella sufri√≥, ha recordado este momento en su cuenta de Twitter, al tiempo que ha expresado su rechazo por lo sucedido.""Rechazo que los alumnos de Pablo Iglesias hayan seguido su ejemplo y hoy le hayan hecho un escrache como el que √©l me organiz√≥ a m√≠. Ojal√° no pase lo mismo con los alumnos de Junqueras..."", ha escrito este mi√©rcoles Rosa D√≠ez en su cuenta de esta red social.¬†Rechazo que los ex alumnos de Pablo Iglesias hayan seguido su ejemplo y hoy le hayan hecho un escrache como el que √©l me organiz√≥ a mi. Ojal√° no pase lo mismo con los alumnos de Junqueras... https://t.co/JsI24Mzc3P‚Äî Rosa D√≠ez (@rosadiezglez) March 4, 2020"
Un juez ve ilegales las sanciones a conductores captados con c√°maras en sem√°foros,"Cree que el Ayuntamiento de Valladolid vulnera ""consciente y deliberadamente"" la Ley.""La resoluci√≥n solo afecta a ese caso y, por tanto, no sienta ning√∫n tipo de jurisprudencia"", dice el Consistorio.","Un juez ha anulado una multa de tr√°fico y ha considerado ilegales las sanciones impuestas por el Ayuntamiento de Valladolid a conductores captados por las c√°maras en sem√°foros, han informado este mi√©rcoles fuentes del Tribunal Superior de Justicia de Castilla y Le√≥n (TSJCyL).El Juzgado de lo Contencioso Administrativo N√∫mero ha establecido en concreto que las c√°maras instaladas en distintos sem√°foros de la ciudad son irregulares y que infringe la ley la posterior tramitaci√≥n del expediente administrativo que se abre para multar al conductor infractor captado por estos dispositivos y la notificaci√≥n de la multa.En la sentencia, el magistrado estima el recurso de una conductora y anula la sanci√≥n de 200 euros que le impuso la Concejal√≠a de Salud P√∫blica y Seguridad Ciudadana porque supuestamente se salt√≥ un sem√°foro en rojo y fue captada por una c√°mara foto-rojo (sistema de seguridad instalado en los sem√°foros para fotografiar a los conductores que se pasen el disco en rojo). La denunciante present√≥ alegaciones, pero el Ayuntamiento las desoy√≥ y sigui√≥ adelante con el expediente sancionador.No hay ning√∫n cartel que informe de su ubicaci√≥n.La conductora recurri√≥ entonces el Juzgado de lo Contencioso Administrativo, que le ha dado la raz√≥n, anulado la multa y reprendido al Consistorio, al que adem√°s condena a pagar las costas del procedimiento, por su proceder irregular y por su reiteraci√≥n en el mismo a pesar de la existencia de otras sentencias previas en las que ya se le advert√≠a de su actuaci√≥n ilegal.En su resoluci√≥n, el magistrado considera que el Ayuntamiento ""vulnera consciente y deliberadamente"" la Ley de Procedimiento Administrativo Com√∫n de las Administraciones P√∫blica porque no notific√≥ la denuncia a la conductora.El juez duda adem√°s de la calidad de las im√°genes del veh√≠culo obtenidas por la c√°mara, que califica de ""sorprendentes"", y cree que las c√°maras incumplen la ley porque no hay ning√∫n cartel que informe de su ubicaci√≥n.""Abusiva y contraria a derecho""El magistrado, entre otros argumentos, tambi√©n mantiene que las fotos obtenidas con dichos dispositivos no tienen valor probatorio porque no est√°n sometidas a ning√∫n control metodol√≥gico, y explica que los expedientes sancionadores son vagos, imprecisos y estandarizados, y que la respuesta a las alegaciones de los denunciados son igualmente inconcretas.Por otro lado, considera ""abusiva y contraria a derecho"" la forma en que la administraci√≥n requiere al titular del veh√≠culo para que identifique al conductor del mismo bajo la amenaza de doblar o triplicar la sentencia.El Ayuntamiento: ""Es una resoluci√≥n contraria a la jurisprudencia""El consistorio ha manifestado en un comunicado que la sentencia es una resoluci√≥n ""aislada y contraria a la jurisprudencia"", en concreto a la doctrina del Tribunal Supremo que siguen los otros tres jueces de lo contencioso-administrativo de Valladolid.La resoluci√≥n de este juez ""√∫nica y exclusivamente afecta a ese caso y, en consecuencia, no sienta ning√∫n tipo de jurisprudencia"", dice el Ayuntamiento, que cita otras sentencias sobre esta cuesti√≥n de distintos juzgados."
Los trabajadores espa√±oles podr√°n abandonar su trabajo si creen que existe riesgo grave de contagio por coronavirus,"En un documento emitido por el Ministerio de Trabajo, han lanzado recomendaciones para empresas y trabajadores.¬†La CEOE califica de grave error la gu√≠a de actuaci√≥n de Trabajo por el coronavirus.Estos son los n√∫meros de tel√©fono de consulta sobre el coronavirus por Comunidad Aut√≥noma.DIRECTO | Todas las novedades sobre el coronavirus en Espa√±a.","El Ministerio de Trabajo, liderado por¬†Yolanda D√≠az,¬†ha lanzado un comunicado en el que indica las pautas y recomendaciones para empresas y trabajadores que tengan posibles casos de coronavirus, que ya ascienden a m√°s 200 en Espa√±a.¬øEs adecuada la recomendaci√≥n de Trabajo sobre el coronavirus en el que aboga por abandonar el puesto si existe riesgo?Me parece bien, la protecci√≥n de la salud en el trabajo es lo primeroEs una mala idea, crea sensaci√≥n de alarmismo y p√°nicoNo tengo opini√≥n al respectoDerechos de los trabajadoresPara los trabajadores, el documento se remite al art√≠culo 21 de la ley 31/1995 de Prevenci√≥n de Riesgos Laborales, que recoge el derecho que tienen en este tipo de situaciones de ""adoptar las medidas y dar las instrucciones necesarias para que, en caso de peligro grave e inminente, los trabajadores puedan interrumpir su actividad y, si fuera necesario, abandonar de inmediato el lugar de trabajo"".¬†Sanidad no cancela la manifestaci√≥n del 8-M pero advierte que aquellos que sientan s√≠ntomas se abstengan de irEl art√≠culo a√±ade adem√°s que ""las personas trabajadoras y sus representantes no podr√°n sufrir perjuicio alguno derivado de las medidas mencionadas anteriormente"", salvo los casos en los que se haya obrado ""de mala fe"" o se haya cometido una ""negligencia grave"".Recomendaciones para las empresasEn el caso de los diferentes negocios y empresas, el documento afirma que en primer lugar,¬†est√°n obligadas a informar ""lo antes posible"" acerca de la existencia de riesgo de contagio. Se aconseja adem√°s que en caso de que exista riesgo grave e inminente de contagio de coronavirus, ""deber√°n paralizar la actividad laboral en el centro de trabajo‚Äù.¬†Mapa del coronavirus en Espa√±a: evoluci√≥n de contagios y recuperadosA pesar de estas afirmaciones, desde el Ministerio de Trabajo comunican que las empresas deben adoptar ""las medidas¬†organizativas o preventivas que, de manera temporal, eviten situaciones de contacto social, sin necesidad de paralizar la actividad‚Äù.¬†Condiciones de paro de actividad de empresasPara aquellas empresas que tengan pensado o se vean obligadas al cese temporal de su actividad laboral, como puede ser un cierre parcial, se deben dar unas condiciones espec√≠ficas.¬†Adem√°s de la ya mencionada obligaci√≥n de paralizaci√≥n en caso de detectar riesgo ""grave e inminente"", se a√±ade tambi√©n la posibilidad de cierre por ausencia en masa de la plantilla o que directamente desde Sanidad clausuren el centro de trabajo.Excepciones con la Seguridad SocialOtro de los temas que aborda el documento es que en los casos de suspensi√≥n temporal, las empresas no deber√°n pagar las cotizaciones a la Seguridad Social de sus trabajadores mientras dure la misma, aunque para ello deben acreditar ""fuerza mayor"", que depende de la autorizaci√≥n de la autoridad laboral competente.Por otro lado, en los casos en los que se rescinda el contrato de alg√∫n trabajador, las indemnizaciones que les corresponden correr√°n a cuenta del Fondo de Garant√≠a Salarial, pero siempre ""con los l√≠mites legalmente establecidos"",¬†¬†Prevenci√≥n de contagioOtro de los aspectos que aborda el documento es el de la prevenci√≥n del contagio en el √°mbito laboral. Para ello, propone la reducci√≥n del n√∫mero de horas para los trabajadores expuestos, ""estableciendo reglas para evitar y reducir la frecuencia y el tipo de contacto de persona a persona"".Por otro lado, tambi√©n llaman a adoptar medidas concretas para los grupos de trabajadores ""especialmente sensibles"", adem√°s de ""proporcionar informaci√≥n sobre medidas higi√©nicas, como lavarse las manos con frecuencia, no compartir objetos, ventilaci√≥n del centro de trabajo, y la limpieza de superficies y objetos"".Promoci√≥n del teletrabajoPor otro lado, desde el ministerio liderado por D√≠az,¬†promueven tambi√©n el teletrabajo en aquellas empresas en las que sea posible, como medida para evitar que el coronavirus se expanda por cualquier centro de trabajo.¬†Recomiendan incentivar un acuerdo individual y/o colectivo para los casos en los que esta opci√≥n no figure en los contratos. ""La configuraci√≥n como medida temporal y extraordinaria"" y siempre y cuando no suponga una ""reducci√≥n de los derechos en materia de seguridad y salud, as√≠ como los profesionales"".CEOE califica de ""grave error"" la gu√≠aLa CEOE y Cepyme consideran que el Ministerio de Trabajo y Econom√≠a Social comete un ""grave error"" al difundir una gu√≠a de actuaci√≥n en el √°mbito laboral en relaci√≥n con la epidemia del coronavirus, seg√∫n ha informado este mi√©rcoles en un comunicado.La Confederaci√≥n Espa√±ola de Organizaciones Empresariales cree que la decisi√≥n de Trabajo genera alerta y confusi√≥n al no corresponder con la evaluaci√≥n del riesgo efectuada por el Ministerio de Sanidad.La patronal sostiene que la decisi√≥n de Trabajo no ha contado con la participaci√≥n de las empresas ni de los sindicatos a pesar de que lo hab√≠a solicitado previamente, lo que contribuye seg√∫n la patronal a una mayor incertidumbre.¬†"
Estos son los n√∫meros de tel√©fono de consulta sobre el coronavirus por comunidad aut√≥noma,"DIRECTO¬† | √öltimas noticias sobre el coronavirus.Se disparan en Madrid las llamadas al 061 por el coronavirus: ""Hemos pedido mil veces m√°s plantilla""","La mayor√≠a de las comunidades aut√≥nomas espa√±olas han habilitado tel√©fonos gratuitos para consultas sobre coronavirus y otras siguen con los habituales . Las llamadas se pueden hacer cuando una persona presenta s√≠ntomas como la fiebre, tos, dolor de garganta, y/o problemas para respirar y que hayan viajado recientemente a una zona de riesgo o si han tenido contacto con alguien que haya estado en esos sitios. Actualmente, se consideran zonas de riesgo: China, Corea del Sur, Jap√≥n, Singapur, Ir√°n y Italia (regiones de Lombard√≠a, V√©neto, Emilia-Roma√±a, Piamonte).¬†Estos son los que hay habilitados hasta hoy:¬†Comunidad de MadridLa Consejer√≠a de Sanidad ha habilitado el tel√©fono gratuito 900 102 112 para reforzar la informaci√≥n sobre coronavirus. Este n√∫mero sirve para derivar las llamadas de posibles casos a la Mesa de Coordinaci√≥n del SUMMA 112. Seg√∫n el organismo, este tel√©fono recibi√≥ desde el pasado jueves 27 a las 20:30 hasta hoy un total de 4.269 llamadas, de las que 111 fueron derivadas a la Mesa de Coordinaci√≥n del SUMMA 112.¬†Madrid aconseja usar este tel√©fono para prevenir la posible la posible transmisi√≥n del virus en urgencias de hospitales.Comunidad ValencianaLa Conselleria de Sanitat Valenciana ha hablitado el tel√©fono gratuito 900 300 555. El tel√©fono recibi√≥ 3.600 llamadas desde su puesta en marcha, seg√∫n explic√≥ este martes el president de la Generalitat, Ximo Puig.¬†Catalu√±aCatalu√±a sigue recibiendo consultas al 061, que es el n√∫mero de tel√©fono habitual para otras informaciones sanitarias.¬†Pa√≠s VascoLas¬†personas que noten s√≠ntomas de infecci√≥n respiratoria, como tos o dolor de garganta, y hayan viajado recientemente a una zona de riesgo, deben quedarse en casa y llamar al tel√©fono del Consejo Sanitario de Osakidetza (900 203 050).Andaluc√≠a¬†La Consejer√≠a de Salud de Jes√∫s Aguirre ha habilitado un tel√©fono especial para consultas sobre el coronavirus, denominado Salud Responde y que es el 955 545 060. La Empresa p√∫blica de emergencias sanitarias ha reforzado con 8 nuevas l√≠neas internas (una por provincia) las comunicaciones entre el centro de Salud Responde y los centros provinciales del 061.¬†CantabriaLa consejer√≠a de Sanidad de Cantabria ha optado solamente por los n√∫meros de tel√©fono convencionales de emergencias y urgencias: 112 y 061.Castilla y Le√≥n¬†La Junta dispone del tel√©fono 900 222 000 de informaci√≥n ciudadana sobre el nuevo coronavirus, disponible las 24 horas del d√≠a. Por ello se recomienda llamar a este tel√©fono antes de acudir a un centro asistencial.Castilla-La ManchaPara resolver las dudas sobre el coronavirus, el Gobierno de Castilla-La Mancha ha habilitado un tel√©fono, el 900 122 112, totalmente gratuito, para que cualquier ciudadano tenga acceso a una informaci√≥n veraz y que sirva para resolver las dudas que existen respecto al virus, posibilidades de contagio y consejos de prevenci√≥n.CanariasLa Consejer√≠a de Sanidad mantiene activada una l√≠nea de tel√©fono gratuita (900 112 061), desde la cual un equipo de Enfermer√≠a, bajo la coordinaci√≥n del Servicio de Urgencias Canario (SUC), atiende las solicitudes de informaci√≥n y posibles¬† contagios.ExtremaduraEl responsable de la sanidad extreme√±a recomienda la autovigilancia para aquellas personas que han estado en zonas afectadas. Deben hacer vida normal y, solo si presentan s√≠ntomas, tienen que llamar al 112.AstuirasLa Consejer√≠a de Salud de Asturias pide que, si se presentan s√≠ntomas como fiebre, tos o falta de aire y/o ha viajado a zonas de riesgo, deber√°n ponerse en contacto con el 112.BalearesAnte cualquier duda, la Consejer√≠a ha recordado que ha habilitado un tel√©fono de atenci√≥n a la poblaci√≥n: el 061 Salud Responde.La RiojaAnte el coronavirus, la principal recomendaci√≥n es que las personas que hayan estado en contacto con casos confirmados o noten s√≠ntomas permanezcan en su domicilio y contacten con el tel√©fono 941 298 333 de Salud Responde, que ha habilitado un canal sobre Covid-19. En caso de s√≠ntomas graves, deben contactar directamente con el 112.NavarraEl Gobierno Foral centraliza en el 112 las consultas sobre posibles casos que tengan s√≠ntomas y que hayan venido de zonas afectadas, as√≠ como cuadros respiratorios de especial gravedad; mientras que el tel√©fono de consejo sanitario 948290290 y en el correo consejosalud@navarra.es¬†se destina a preguntas sobre dudas gen√©ricas e informaci√≥n general.GaliciaLa Conselleria de Sanidad ha puesto a disposici√≥n desde este martes un n√∫mero de tel√©fono gratuito para dar informaci√≥n general sobre el coronavirus que es el 900 400 116. La Xunta de Galicia explica que para personas con sintomatolog√≠a como la fiebre, tos, sensaci√≥n de falta de aire y que volviesen de zona de riesgo o tuvieran contacto con alguien que estuviese en alguno de esos lugares, hay que llamara al 061.MurciaLa Conejer√≠a de Salud de Murcia habilita el tel√©fono de informaci√≥n del coronavirus 900 121 212, aunque tambi√©n se puede llamar al 112.Arag√≥nEl Gobierno aragon√©s recomienda que los usuarios usen el canal habitual para llamadas sobre el coronavirus: el 061.¬†CeutaEl n√∫mero 900 720 692, que est√° operativo desde este lunes, refuerza las v√≠as de comunicaci√≥n e informaci√≥n con la poblaci√≥n. El tel√©fono estar√° atendido por profesionales sanitarios, que resolver√°n dudas sobre medidas de prevenci√≥n, posibilidades de contagio y bulos.MelillaLa ciudad aut√≥noma pide a los ciudadanos evitar urgencias y centros de salud ante dudas sobre el coronavirus y aconseja llamar al 112."
El Supremo pone contra las cuerdas a las entidades que ofrecen tarjetas 'revolving' con altos intereses,"Considera que un inter√©s del 27% es usura.¬øQu√© tengo que hacer para reclamar el dinero cobrado de m√°s si estoy afectado por las tarjetas 'revolving'?¬øQu√© son las tarjetas 'revolving'? condiciones, tipo de inter√©s y la sentencia del Supremo.","El Tribunal Supremo ha dado un soplo de aire fresco a los clientes de tarjetas revolving. En una sentencia publicada este mi√©rcoles, considera que los contratos que fijen intereses ""notablemente superiores al precio normal del dinero"" son usurarios y como tal deben ser anulados, por lo que abre la puerta a nuevas reclamaciones.Celestino Garc√≠a Carre√±o, el abogado que ha llevado este caso, se ha mostrado en este diario ""muy satisfecho por que se considere que la TAE al 27% es usura porque es lo que llevamos reclamando cuatro a√±os"". La Audiencia Provincial de Santander ya les dio la raz√≥n, pero Wizink Bank, la entidad demandada por aplicar este tipo de inter√©s en su tarjeta revolving, present√≥ un recurso de casaci√≥n que ha sido respondido por el Supremo y, como tal, genera jurisprudencia. ""No existe justificaci√≥n para aplicar un tipo de inter√©s tan alto"", apunta Garc√≠a Carre√±o en concordancia con lo dictado en la sentencia del Alto Tribunal.¬øCu√°nto puede reclamar el consumidor por las tarjetas 'revolving'? Cons√∫ltalo con esta calculadora online√âste se ha pronunciado sobre el recurso presentado por Wizink Bank S. A., al que denunci√≥ una mujer que hab√≠a contratado una tarjeta revolving a un tipo de inter√©s del 26,82% y que lleg√≥ a alcanzar un 27,24%, un porcentaje que los magistrados consideran muy alto con respecto al 20% que corresponde aproximadamente al tipo medio del que se parte para realizar la comparaci√≥n.Si bien el Supremo considera que infringe el art√≠culo 1 de la Ley de Represi√≥n de la Usura, el tribunal tiene en cuenta otras caracter√≠sticas como las del p√∫blico que mayoritariamente accede a estos servicios, que son personas que ""por sus condiciones de solvencia y garant√≠as disponibles no pueden acceder a otros cr√©ditos menos gravosos"" y aceptan las condiciones a ""causa de su situaci√≥n angustiosa, de su inexperiencia o de lo limitado de¬†sus facultades mentales"".Bajo su experiencia, Garc√≠a Carre√±o asegura que hay clientes muy dispares, no solo con dificultades econ√≥micas, pero, al igual que las asociaciones de consumidores, alega la falta de informaci√≥n que se proporciona al cliente.Desde la Asociaci√≥n de Usuarios Financieros (ASUFIN) celebran este fallo y consideran que no s√≥lo se trata de usura, sino de ""falta de transparencia ya que la manera de amortizar la deuda con estas tarjetas es farragosa y dif√≠cil de comprender para un consumidor medio"".¬øQu√© tengo que hacer para reclamar el dinero cobrado de m√°s si estoy afectado por las tarjetas 'revolving'?Estas tarjetas se ofrecen en muchas ocasiones en superficies comerciales y van ligadas a descuentos y, seg√∫n denuncia la Asociaci√≥n de Consumidores de Navarra Irache, en ocasiones, se presentan como una mera forma de pago a plazos"" pero ""se trata de un producto diferente"". Ofrecen cr√©ditos sin pedir muchos requisitos a los clientes, pero la trampa est√° en los altos intereses que rondan el 27% en la mayor√≠a de entidades. Adem√°s de Wizink,¬†Cofidis, Creditea, Santander Consumer, Carrefour, Cetelem, BBVA, Bankinter o Caixabank ofrecen estos productos.Seg√∫n las estimaciones de ASUFIN, hay entre mill√≥n y medio y cuatro millones de afectados por estas tarjetas que, seg√∫n datos del Banco de Espa√±a, mueven 14.000 millones de euros al a√±o. Garc√≠a Carre√±o invita a los afectados a que reclamen estos abusos: ""Como la base de la reclamaci√≥n es nulidad por usura, no hay l√≠mite temporal"" y se puede reclamar incluso aunque la tarjeta est√© ya cancelada.Este abogado se muestra optimista con una futura rebaja de los tipos de intereses en los nuevos contratos de las entidades si no quieren arriesgarse a nuevas demandas. No obstante, avisa a los consumidores actuales de que, si ya tienen un contrato firmado con este tipo de inter√©s, aunque las empresas les ofrezcan bajarlo pueden reclamar igualmente por usura al haber firmado inicialmente el contrato con una cantidad abusiva."
Sanidad no cancela la manifestaci√≥n del 8-M pero advierte que aquellos que sientan s√≠ntomas se abstengan de ir,"""No tiene sentido que una persona con sintomatolog√≠a fuera a la manifestaci√≥n del 8M"" ha afirmado Fernando Sim√≥n.Tambi√©n han recalcado que Espa√±a sigue todav√≠a en fase de contenci√≥n, a pesar de las medidas tomadas por Italia.Mapa del coronavirus en Espa√±a: evoluci√≥n de contagios y recuperados.","La manifestaci√≥n feminista del pr√≥ximo domingo 8 de marzo sigue convocada y no se prev√© su cancelaci√≥n, seg√∫n ha informado este mediod√≠a¬†Fernando Sim√≥n, el director del Centro de Coordinaci√≥n de Alertas y Emergencias Sanitarias del Ministerio de Sanidad.A pesar de que otros pa√≠ses como Italia est√°n tomando medidas dr√°sticas como la cancelaci√≥n de colegios y universidades, desde el gobierno de Espa√±a aseguran que nos mantenemos en ""fase de contenci√≥n"" por lo que ""no se recomienda suspender eventos sociales"".¬†¬†Gu√≠a visual para detectar el coronavirus y c√≥mo evitar el contagio entre personas con medidas higi√©nicasAlgo que si ha afirmado Sim√≥n en rueda de prensa es que ""hay que ser sensatos, no tiene sentido que¬†una persona con sintomatolog√≠a fuera a la manifestaci√≥n del 8M, en la situaci√≥n en la que estamos; la gente debe ser consciente de lo que debe hacer y de los riesgos que puede poner a otros o de los problemas que puede generar"".Adem√°s, ha resaltado la importancia de la colaboraci√≥n ciudadana para evitar la expansi√≥n del coronavirus, recordando que ""es l√≥gico que las personas con s√≠ntomas y potencialmente afectadas¬†procuren no contagiar"" y sigan las recomendaciones, pero evitando riesgos para los dem√°s, y aplic√°ndolas para cualquier otra concentraci√≥n y evento deportivo.¬†Por √∫ltimo, una vez hechas todas las advertencias necesarias, ha concluido afirmando que ""si es posible y la gente est√° sana, que lo est√°, tenga mucho √©xito"", en referencia a la manifestaci√≥n."
¬øD√≥nde se pueden comprar camisetas feministas para las manifestaciones del 8 de marzo?,Las camisetas y otro tipo de prendas o complementos se pueden adquirir a trav√©s de Internet.¬†D√≠a de la Mujer 2020: Lanzan un pintalabios violeta por los derechos de la mujer y del planeta.,"Este domingo 8 de marzo las manifestaciones volver√°n a ser el eje central de las reivindicaciones por el D√≠a Internacional de la Mujer. Tanto hombres como mujeres est√°n llamados a participar y llenar las calles de todas las comunidades aut√≥nomas de una marea morada. Para ello, son muchos los que se interesan en estos d√≠as previos en adquirir camisetas de color violeta, que representa la lucha de mujeres, as√≠ como prendas con diferentes lemas o s√≠mbolos feministas.¬†Esta ropa se puede adquirir a trav√©s de Internet desde las t√≠picas p√°ginas como la de Amazon hasta otras m√°s espec√≠ficas centras solo estas prendas como la tienda FEM.¬†Un tren tematizado y un mural en Sainz de Baranda para celebrar la Semana de la Mujer en Metro de MadridEn FEM, se puede encontrar mucha variedad de camisetas, tanto para ni√±os como para adultos. En su mayor√≠a, son moradas o negras y presentan dibujos y lemas escritos como, por ejemplo, ""Juntas hacemos historia"", ""Si tengo que ser una princesa, que sea guerrera"" o ""Nos lo quitaron todo, incluso el miedo"".¬†Estas camisetas se pueden comprar por un precio de entre 10 y 15 euros, m√°s los gastos de env√≠o que ser√°n gratis en caso de superar los 29 euros de compra. En su web, advierten de que ya son los √∫ltimos d√≠as para hacer un pedido y poder recibirlo antes del 8 de marzo.¬†Adem√°s, venden otro tipo de productos como pa√±uelos y chapas, cuyo precio no supera los 5 euros. Tambi√©n pulseras, colgantes y pendientes de plata con el s√≠mbolo del feminismo o libretas ecol√≥gicas realizadas con materiales reciclados.¬†En Amazon la gama de productos es amplia y se pueden encontrar, igualmente, camisetas y sudaderas con simbolog√≠a feminista y lemas reivindicativos. Del mismo modo, se pueden adquirir, de una gran gama, llaveros, pa√±uelos y otros productos similares.¬†En la web de La Tostadora, tambi√©n se venden camisetas pensadas para el 8 de marzo, tanto para hombre como para mujer. En su mayor√≠a, son blancas o negras, con diferentes lemas y con un precio de entre 15 y 20 euros. Adem√°s, se puede filtrar por tipo de camiseta: de corte cl√°sico, sin mangas, de cuello ancho, con tirantes anchos, de estilo b√©isbol, de manga larga o de cuello Mao.¬†Tambi√©n venden ropa para ni√±os, sudaderas y jers√©is que oscilan los 30 euros y productos de decoraci√≥n como cuadros."
"Sanidad insiste en ""no hacer necropsia a todos los fallecidos por neumon√≠a"" pese a que s√≠ se hizo en Valencia","Al menos tres ni√±os dan positivo en coronavirus""Hay que tener cuidado, pueden ser n√∫cleos de transmisi√≥n en sus familias""√öltimas noticias sobre la crisis del coronavirus.","El Ministerio de Sanidad ha insistido este mi√©rcoles que¬†""no se recomienda hacer una necropsia a cada cuadro de neumon√≠a, ni mucho menos"", pese a que el caso del primer muerto por coronavirus en Espa√±a fue encontrado gracias a una muestra de un paciente que hab√≠a fallecido el pasado 13 de febrero en Valencia.Al menos tres menores de edad, dos ni√±os de Castilla-La Mancha y una ni√±a de Madrid, dan positivo en coronavirusEl director del centro de Coordinaci√≥n de Alertas y Emergencias Sanitarias del Ministerio de Sanidad, Fernando Sim√≥n, ha explicado que ""no tiene sentido"" comenzar a examinar necropsias hist√≥ricas en busca de infectados por el COVID-19, ""menos cuando se trata de pacientes que han fallecido m√°s all√° del periodo de incubaci√≥n"".¬†Este martes, Sanidad difundi√≥ un documento en el que no se recomendaba hacer autopsias a pacientes fallecidos con coronavirus. SIn embargo, horas m√°s tardes se supo que una persona hab√≠a fallecido en el hospital Arnau de Vilanova de Valencia el pasado 13 de febrero con coronavirus.Cambio de definici√≥nEl hallazgo tuvo lugar cuando Sanidad cambi√≥ la definici√≥n de los casos por el COVID-19 el pasado 27 de febrero, y se pas√≥ a analizar los casos de pacientes hospitalizados cuya neumon√≠a no tuviera un origen claro.A partir de ese cambio se desvelaron casos de coronavirus en pacientes que ya estaban internados. En Valencia, las autoridades hicieron ""una investigaci√≥n retrospectiva"" de muestras que, por motivos cl√≠nicos, se tomaron de pacientes cuyo origen de la neumon√≠a no estaba muy claro. Y fue ah√≠ donde se detect√≥ al fallecido infectado.Sanidad detecta coronavirus en ni√±os: ""Hay que tener cuidado, pueden ser n√∫cleos de transmisi√≥n en sus familias""Sim√≥n ha explicado este mi√©rcoles que en cada fallecimiento hospitalario el protocolo ordena hacer una necropsia ""ya sea verbal o f√≠sica"" para establecer la causa de la muerte con la mayor seguridad posible.En los casos de necropsia verbal, los m√©dicos certifican la causa de la muerte simplemente revisando la documentaci√≥n del paciente, donde los datos establecen claramente la causa. En otros menos claros, es necesario hacer una necropsia f√≠sica, como la paciente de Valencia.Investigadores utilizan un videojuego en su lucha contra el coronavirus: tu ordenador tambi√©n puede ayudar""√âste era un caso que no encajaba bien, no se encontr√≥ una causa justificante de la muerte"", ha dicho SIm√≥n, ""y cuando se plante√≥ la posibilidad de que la definici√≥n de caso inclu√≠a neumon√≠as hospitalizadas graves, √©ste paciente ya hab√≠a fallecido pero se abri√≥ la puerta a que pudi√©ramos analizar algunas de estas muestras hist√≥ricas; de hace poco, pero antiguas, y el caso dio positivo"".El coordinador de Alertas ha se√±alado que no tienen ninguna informaci√≥n de que otra necropsia haya dado positivo ""y no se van a testar muestras de necropsias antiguas o de pacientes fallecidos antiguos, no tiene sentido""."
Unidas Podemos protesta por la oposici√≥n de la Abogac√≠a del Estado a indemnizar a la familia de Jos√© Couso,"Podemos e IU expresan su discrepancia con el recurso que la Abogac√≠a ha decidido presentar ante el Supremo.El PSOE trata de desvincularse de la decisi√≥n: ""Tendr√° que ver con cuestiones t√©cnicas"", aventura Mar√≠a Jes√∫s Montero.","Segundo choque de la semana en el Gobierno de coalici√≥n. Este martes se conoci√≥ que la Abogac√≠a del Estado ‚Äìdependiente jer√°rquicamente del Ejecutivo‚Äì ha decidido recurrir ante el Tribunal Supremo la indemnizaci√≥n impuesta por la Audiencia Nacional al Estado por dejar sola en su contencioso legal en EE.UU. a la familia del c√°mara Jos√© Couso, asesinado por tropas de ese pa√≠s en la Guerra de Irak en 2003. Y un d√≠a despu√©s, este mi√©rcoles, Unidas Podemos expres√≥ su rechazo frontal a esa decisi√≥n.El pasado diciembre, la Audiencia Nacional conmin√≥ al Estado a indemnizar con 182.000 euros a la familia de Couso por no haberle prestado ayuda diplom√°tica para exigir a EE.UU. reparase el ""da√±o causado"" por la muerte del c√°mara, asesinado en un ataque a un hotel de Bagdad (Irak). En su sentencia, el tribunal consider√≥ que Espa√±a ""se limit√≥¬†a recibir y aceptar las explicaciones ofrecidas por EE.UU."".La decisi√≥n de la Abogac√≠a del Estado de recurrir este fallo ha abierto la segunda brecha de la semana en el Gobierno, tras los desencuentros entre los ministerios de Justicia e Igualdad por la ley de violencia sexual. En la ma√±ana del mi√©rcoles, Unidas Podemos manifest√≥ a trav√©s de un comunicado ""todo su apoyo a la familia Couso"" y expres√≥ su discrepancia con ""el criterio de la Abogac√≠a del Estado"".¬†""Entendemos que la Sala de lo contencioso administrativo de la Audiencia Nacional se ha pronunciado claramente sobre la procedencia de la indemnizaci√≥n y reparaci√≥n establecida"", critic√≥ Unidas Podemos, que asegur√≥ que seguir√° ""trabajando¬†para que a la viuda, hijos y familia de Jos√© Couso les sea plenamente reparado el da√±o causado"" por un Estado que, como recoge la sentencia, no emprendi√≥¬†en su d√≠a ""acciones ante otro Estado que ha incurrido en un il√≠cito internacional"".IU y el PSOEEn un comunicado muy similar, IU tambi√©n mostr√≥ todo su ""apoyo"" tanto a la familia Couso como a¬†""la batalla jur√≠dica que, con inmensas dificultades, se ha seguido ante la jurisdicci√≥n penal espa√±ola hasta el archivo definitivo de la investigaci√≥n como consecuencia de la reforma de la jurisdicci√≥n universal realizada por el Gobierno de Mariano Rajoy"". Y tach√≥ el asesinato del c√°mara como ""crimen de guerra"".No obstante, el secretario general del PCE, Enrique Santiago ‚Äìque es a su vez diputado de Unidas Podemos en el Congreso‚Äì, quiso insistir en que la discrepancia es con la Abogac√≠a del Estado, ""que no es el Gobierno""¬†sino ""una instituci√≥n jur√≠dica que maneja sus criterios jur√≠dicos propios"". No obstante, la ministra de Exteriores, Arancha Gonz√°lez Laya, defendi√≥ a la Abogac√≠a argumentando que la sentencia¬†""transforma el derecho de protecci√≥n consular en casi una obligaci√≥n del Estado de atender cualquier petici√≥n de cualquier espa√±ol en el extranjero"", algo, desde su punto de vista, ""inasumible"".El PSOE, igualmente, ha tratado por el momento de desvincular al Gobierno de la decisi√≥n de la Abogac√≠a del Estado. Este martes, preguntada al respecto, la portavoz del Ejecutivo, Mar√≠a Jes√∫s Montero, insisti√≥ en la ""solidaridad y apoyo"" del Gobierno y el PSOE a la familia Couso, y dijo desconocer en qu√© se basa el recurso a la decisi√≥n de la Audiencia Nacional. ""Tendr√° que ver con cuestiones t√©cnicas"", aventur√≥."
El Parlamento Europeo proh√≠be los actos y visitas por el coronavirus y el Pleno no se mover√° de Bruselas a Estrasburgo,"La Euroc√°mara cierra sus puertas porque no puede asegurar que los visitantes est√©n libres de la enfermedad.Los ministros de Econom√≠a analizan el impacto econ√≥mico de la enfermedad en un Ecof√≠n por videoconferencia.Directo | Sanidad insiste en ""no hacer necropsia a todos los fallecidos por neumon√≠a"" pese a que s√≠ se hizo en Valencia.","El coronavirus recorre la UE y una de sus instituciones, el Parlamento Europeo, ha tomado medidas para evitar la concentraci√≥n de personas, originarias adem√°s de los distintos pa√≠ses europeos. La Euroc√°mara ha prohibido el acceso a sus sedes de todo aquel que no sea eurodiputado, trabajador de  la instituci√≥n o periodista acreditado¬†y ha cancelado todos tipo de eventos en sus tres sedes -Bruselas, Luxemburgo y Estrasburgo- y en las antenas en todos los Estados miembros. Este jueves, est√° previsto que se confirme la decisi√≥n que ya apunt√≥ el lunes su presidente, David Sassoli, para que el Pleno de la semana que viene, que ten√≠a que celebrarse en Estrasburgo, se quede en Bruselas, para evitar m√°s movimientos.La UE intenta frenar la propagaci√≥n del coronavirus restringiendo aglomeraciones y movimientos. Este mi√©rcoles, los ministros europeos de Econom√≠a y Finanzas se reunir√°n por teleconferencia para compartir medidas financieras para evitar perjucios econ√≥micos por la enfermedad.Las autoridades nacionales en los Estados miembros est√°n recomendando a sus ciudadanos que no viajen a zonas declaradas de riesgo y que, si lo han hecho, que est√©n en observaci√≥n durante 14 d√≠as. Sin embargo, Sassoli admite en una circular que ‚Äúno siempre es posible para el Parlamento [europeo] identificar con suficiente grado de confianza‚Äù que el ‚Äúgran n√∫mero‚Äù de personas que cada d√≠a acceden a sus sedes para participar en una gran variedad de eventos cumple estas recomendaciones.Por eso, la Euroc√°mara ha decidido evitar riesgos y cancelar todos los eventos que impliquen la participaci√≥n de invitados ajenos a la instituci√≥n, a los que se denegar√° el acceso a la instituci√≥n. Hasta nueva indicaci√≥n, solo podr√°n entrar los eurodiputados, el personal y tambi√©n la prensa acreditada.En estos casos, el acceso se denegar√° a aquellas personas que hayan visitado zonas de riesgo o que hayan estado en contacto con personas enfermas, que tendr√°n que observar una cuarentena de 14 d√≠as, como la que se fija en los Estados miembros.En concreto, el Parlamento Europeo ha concretado una veintena de tipos de actos y visitas que hasta pr√≥xima noticia no podr√°n tener lugar en sus sedes incluidos los restaurantes, salones y otros espacios dentro de las mismas. Entre ellas, visitas de delegaciones, comit√©s de expertos, visitas organizadas por eurodiputados ni visitas personales a todo tipo de personal autorizado o eventos culturales o exposiciones.El Pleno no se mueveLas medidas del Parlamento Europeo para evitar el contagio del coronavirus previsiblemente se reforzar√°n este jueves, cuando Sassoli ha anunciado que tomar√° una decisi√≥n definitiva de los planes que ya se anunciaron este lunes, destinada a restringir los movimientos.¬†As√≠, se espera que el Pleno de la Euroc√°mara que estaba previsto que se celebrara la semana que viene en Estrasburgo, tenga lugar en la sede de Bruselas.¬†El traslado mensual de los miles de personas que trabajan en el Parlamento Europeo de Bruselas a Estrasburgo, con el duplicado de documentos o el empleo masivo de medios de transporte que ello supone, ha sido un tradicional cr√≠tica a la Euroc√°mara por parte de pol√≠ticos y activistas contra el¬†cambio clim√°tico y tambi√©n de lo que critican que este traslado mensual entre dos sedes que se encuentran a 400 kil√≥metros cuesta le cuesta a la UE unos 100 millones de euros al a√±o, seg√∫n un informe del propio Parlamento en 2014. Curiosamente, ha sido el coronavirus el que, de momento este mes, har√° permanecer al Pleno en Bruselas."
"Sanidad detecta coronavirus en ni√±os: ""Hay que tener cuidado, pueden ser n√∫cleos de transmisi√≥n en sus familias""","Al menos tres menores de edad, dos en Castilla-La Mancha y una en Madrid, dan positivo en coronavirus.DIRECTO | Toda la informaci√≥n sobre la expansi√≥n del coronavirus.¬øQu√© medidas se est√°n aplicando en los colegios contra el coronavirus?","El Ministerio de Sanidad ha confirmado este mi√©rcoles los primeros contagios de menores de edad por coronavirus en Espa√±a ‚Äîal menos tres ni√±os, dos escolares en Castilla La Mancha y una ni√±a de 4 a√±os en Madrid‚Äî y ha pedido especial cuidado por su potencial contagiador.¬øQu√© medidas se est√°n aplicando en los colegios contra el coronavirus?En su comparecencia diaria, el director del Centro de Coordinaci√≥n de Alertas y Emergencias Sanitarias, Fernando Sim√≥n, ha declarado que ""los casos en los ni√±os se tienen que valorar en dos vertientes: se afectan menos y tienen una evoluci√≥n cl√≠nica m√°s benigna"".¬†Seg√∫n sus datos, en China no se ha registrado ning√∫n fallecimiento en menores de 9 a√±os, mientras que en el grupo de 9 a 20 la mortalidad es del 0,2%.Sin embargo, ha agregado que ""cualquier enfermedad o problema sanitarios que afecta a los ni√±os exige tener mucho cuidado porque adem√°s de ser un grupo muy sensible,¬†pueden suponer n√∫cleos de trasmisi√≥n en sus familias"".¬†Sim√≥n ha solicitado a las familias con ni√±os que se han infectado¬†que no los lleven al colegio, ni a parques infantiles u otros lugares con m√°s menores.¬†Sin embargo, el Gobierno no tiene pensado ordenar el cierre de ninguno de los colegios en los que estudian los menores. ""Ahora mismo no tiene sentido. No reducir√≠a de manera significativa los contagios en la sociedad en general"".Adem√°s, ha detallado que se ha comunicado a los colegios que ""algunas aulas, algunos profesores o algunos contactos muy estrechos de los ni√±os tienen que ponerse en cuarentena"" cuando se detecta un contagio.¬†Ha insistido en que las valoraciones sobre la situaci√≥n son ""muy cuidadosas"" y ""no son decisiones que se toman en un minuto"", al destacar que ""el impacto de un posible cierre de colegios no beneficiaria al control de la epidemia""."
La Polic√≠a investiga al detenido por la muerte de Marta Calvo como presunto autor del homicidio de otra mujer,Los agentes¬†acuden a la c√°rcel en la que se encuentra para notificarle la investigaci√≥n y leerle sus derechos.Marta Calvo: Las dudas de la investigaci√≥n sobre su desaparici√≥n,"Jorge Ignacio Palma, en prisi√≥n preventiva desde diciembre pasado por la muerte de Marta Calvo, est√° siendo investigado por la Polic√≠a Nacional como presunto autor de la muerte de otra mujer el verano pasado, seg√∫n han confirmado a 20minutos fuentes policiales.Marta Calvo: Las dudas de la investigaci√≥n sobre su desaparici√≥nLas mismas fuentes han confirmado la informaci√≥n que adelanto este mismo lunes el programa de Antena 3 Espejo P√∫blico. Los agentes se han presentado este lunes en la prisi√≥n donde se encuentra detenido Palma para notificarle formalmente la nueva investigaci√≥n, le han le√≠do sus derechos y le han dicho que est√° detenido tambi√©n como presunto autor de dos nuevos delitos.¬†El primero es un delito de homicidio, la muerte de una mujer el pasado 15 de junio que fue hallada en su domicilio por su compa√±era de piso. Cerca del cuerpo, en la mesilla de noche, fueron encontrados restos de droga, seg√∫n han confirmado las fuentes.Caso archivado y reabiertoFuentes judiciales han indicado a Efe que en un primer momento la muerte de esta mujer fue archivada y atribuida a una sobredosis de coca√≠na tras haber mantenido relaciones con un cliente.No obstante, la investigaci√≥n fue reabierta despu√©s de conocerse el caso de Marta Calvo y ante la posibilidad de que Palma¬† hubiese realizado el mismo ""modus operandi"" con otras mujeres fallecidas recientemente.Las mismas fuentes han explicado que, una vez recibidos los informes del Instituto Nacional de Toxicolog√≠a, se ha podido determinar que la mujer cuyo cad√°ver fue encontrado el pasado 15 de junio en un domicilio de la avenida de la Plata, en Valencia, falleci√≥ despu√©s de que se le introdujera en el cuerpo una gran cantidad de coca√≠na.Paralelamente, las pruebas de ADN recogidas en el domicilio de la fallecida han podido constatar que el autor confeso de la desaparici√≥n de Marta Calvo tambi√©n estuvo en el domicilio de la mujer fallecida en Russafa, por lo que se ha procedido a su detenci√≥n formal en la prisi√≥n de Picassent.Tentativa de homicidioEl segundo delito es una tentativa de homicidio. El caso est√° bajo secreto de sumario, por lo que la Polic√≠a no ha dado detalles. El periodista de Espejo P√∫blico Nacho Abad, ha informado de que se trata de una mujer con la que Palma mantuvo relaciones sexuales y a la que trat√≥ de drogar.üé•V√çDEO| La @policia detiene, dentro de la prisi√≥n, a Jorge, el sospechoso de la muerte de Marta Calvo@Nacho_Abad os explica los motivos en este v√≠deo‚§µM√°s info en la web del programa ‚ñ∂ https://t.co/Ahwoln6S4m#ESP4Marzopic.twitter.com/4JNCBAfbIp‚Äî Espejo P√∫blico (@EspejoPublico) March 4, 2020Estas nuevas acusaciones se suman a las de otras mujeres que acusan a Palma de haber intentado drogarlas durante el acto sexual.Sin rastro de MartaMarta Calvo desapareci√≥ el pasado 7 de noviembre en la localidad valenciana de Manuel, Hab√≠a acudido al domicilio de Palma, y antes de entrar le envi√≥ a su madre su ubicaci√≥n por WhatsApp.La desaparici√≥n de Calvo fue denunciada dos d√≠as m√°s tarde, y no fue sino hasta varios d√≠as despu√©s que la Guardia Civil comenz√≥ la b√∫squeda de sus restos, que hasta el momento no se han encontrado.La Guardia Civil concluye en su informe que Jorge Palma mat√≥ a Marta Calvo con droga para satisfacer su deseo sexualY es que la hip√≥tesis principal es la de que Marta esta muerta. Al entregarse ante las autoridades, Palma afirm√≥ que no hab√≠a matado a la mujer, sino que hab√≠a sostenido con ella relaciones sexuales durante las que consumieron droga. La Guardia Civil cree que Palma introdujo coca√≠na en sus partes √≠ntimas, como lo intent√≥ con otras mujeres que lo han denunciado, y que Marta muri√≥ de una sobredosis.Palma afirma que al despertar tras las relaciones sexuales Calvo estaba muerta, que se asust√≥, la descuartiz√≥ y tir√≥ sus restos en varios contenedores. La Guardia Civil ha concluido que Palma mat√≥ a Calvo para ""satisfacer su deseo sexual""."
Arrimadas e Igea contraponen este mi√©rcoles en un cara a cara sus modelos antag√≥nicos para Ciudadanos,Ambos llegan al debate entre reproches muy duros que evidencian el cisma en el partido.,"El partido de la militancia o el del liderazgo √∫nico. Esos son, b√°sicamente, los dos modelos que se enfrentan en las primarias de Ciudadanos. El de Francisco Igea y el de In√©s Arrimadas. Ambos contrapondr√°n sus antag√≥nicos proyectos en un cara a cara que se celebra este mi√©rcoles a partir de las 21 horas en la sede del partido naranja en Madrid. El pr√≥ximo fin de semana, los afiliados de Cs elegir√°n al nuevo l√≠der, y parece que la portavoz en el Congreso parte con una clara ventaja sobre el vicepresidente de Castilla y Le√≥n, quien asegura que ""hay partido"".Tanto la portavoz parlamentaria como el vicepresidente auton√≥mico hab√≠an mostrado su disposici√≥n a debatir con el fin de que los afiliados conozcan mejor los posicionamientos de cada uno, que fundamentalmente difieren en el modelo de organizaci√≥n que proponen para Ciudadanos.Arrimadas sali√≥ reforzada de la elecci√≥n de compromisarios para esas primarias. Obtuvo un total de 277 frente a los 21 de Igea, aunque el vicepresidente achac√≥ este resultado al ""sistema mayoritario"". Para √©l es ""un √©xito"" haber estado por encima del 30% en ese proceso.Igea espera que el debate sea ""menos tenso"" que su √∫ltimo encuentro -cuando discutieron de forma p√∫blica, delante de la prensa- y sin ""sobreactuaciones"". En declaraciones a los periodistas en las Cortes auton√≥micas, Igea ha confesado que tambi√©n espera un debate ""sin atropellos"" que sea un ""ejemplo de serenidad"", ya que ""menos tensi√≥n no significa menor fortaleza"".¬†Las primarias servir√°n para elegir al sucesor o sucesora de Albert Rivera. El propio expresidente de Cs, en su vuelta a la vida laboral de la mano del despacho Mart√≠nez Echevarr√≠a, dej√≥ caer que apoyar√° a Arrimadas y votar√° por ella (puesto que sigue siendo afiliado del partido). De hecho, la propuesta de la portavoz parlamentaria es la m√°s continuista con la l√≠nea de Rivera."
¬øD√≥nde ha tocado el Euromillones del martes 3 de marzo?,"En primera y segunda categor√≠a no ha habido ning√∫n premiado. En la tercera categor√≠a, hay un acertante en Albacete.¬†Comprobar Euromillones: resultados de hoy, martes 3 de marzo de 2020.¬†","El sorteo de EuroMillones celebrado este martes d√≠a 3 de marzo de 2020 no ha registrado ning√∫n boleto premiado para la Primera Categor√≠a, es decir, nadie ha acertado los cinco n√∫meros y las dos estrellas premiadas. De este modo, se acumula un bote de 30 millones de euros que podr√≠a ganar un √∫nico participante en el pr√≥ximo sorteo.¬†Los cinco n√∫meros que han salido en esta ocasi√≥n son: 27, 44, 4, 14 y 45. Las dos estrellas corresponden con los n√∫meros 10 y 1.¬†En segunda categor√≠a (cinco n√∫meros y una estrella), ha sucedido lo mismo, por lo que no ha habido ning√∫n acertante.¬†Ya en la tercera categor√≠a, ha habido ocho acertantes que han dado con los cinco n√∫meros, uno Espa√±a. El boleto ha sido validado concretamente en Albacete, donde el premiado se ha llevado un total de 14.649,52 euros.¬†En cuanto al sorteo espa√±ol de El Mill√≥n, que corresponde con los mismos n√∫meros que el EuroMillones, ha sido validado el boleto acertante de un mill√≥n de euros en Tarragona.¬†"
El Gobierno espera un impacto econ√≥mico ‚Äúpoco significativo‚Äù del coronavirus con una recuperaci√≥n r√°pida,"Calvi√±o escuchar√° propuestas del FMI y del Eurogrupo pero advierte que no puede haber medidas uniformes.Moncloa habla de un efecto en V, con una ca√≠da del crecimiento y una recuperaci√≥n r√°pida.","Con todas la ‚Äúcautelas‚Äù acerca de c√≥mo evolucionar√° la enfermedad, el Gobierno prev√© que el impacto del coronavirus sobrela econom√≠a sea ‚Äúpoco significativo‚Äù y con una recuperaci√≥n r√°pida. Este es el mensaje que Moncloa lleva varios d√≠as transmitiendo y que ha mantenido la vicepresidenta tercera y ministra de Econom√≠a, Nadia Calvi√±o, que este mi√©rcoles mantendr√° conversaciones con el Eurogrupo y el Fondo Monetario Internacional (FMI) para determinar qu√© pasos seguir. De momento, Calvi√±o no ha querido aclarar si el Banco Central Europeo seguir√° la senda que este martes marc√≥ la Reserva Federal bajando los tipos de inter√©s en Estados Unidos.‚ÄúLas estimaciones que en este momento se est√°n haciendo del posible impacto de la enfermedad nos arrojan un impacto poco significativo, pero es importante tomar estas estimaciones con gran cautela‚Äù, ha dicho Calvi√±o, a la espera de saber c√≥mo evoluciona la expansi√≥n del virus, que en Espa√±a ha registrado ya 160 casos conocidos.La vicepresidenta ha afirmado que el Gobierno est√° ‚Äúpreparado para cualquier escenario para poder reaccionar de manera r√°pida y eficaz si hubiera que tomar alguna medida‚Äù, ha a√±adido, en un momento en el que el Ministerio de Trabajo ya est√° elaborando un protocolo para las empresas que, a causa del coronavirus, tengan que aplicar expedientes de reducci√≥n temporal de empleo (ERTE)Calvi√±o no ha querido adelantar ninguna decisi√≥n de tipo econ√≥mico y este mi√©rcoles mantendr√° sendas teleconferencias con el FMI y con el Eurogrupo para analizar la situaci√≥n. Seg√∫n ha dicho, su intenci√≥n es ‚Äúescuchar‚Äù las medidas que se est√°n adoptando en otros pa√≠ses aunque ha descartado implementar decisiones uniformes en toda la UE, dado que las previsiones econ√≥micas son ‚Äúmuy distintas‚Äù de unos pa√≠ses a otros.Ca√≠da y reboteA pesar del avance del coronavirus y de que la OCDE pronostic√≥ este lunes que el virus afectar√° a la econom√≠a mundial, el Gobierno mantiene que en Espa√±a las consecuencias econ√≥micas ser√°n limitadas y de corta duraci√≥n. As√≠ lo ha apuntado Calvi√±o, de la misma manera que hizo este martes la ministra de Hacienda y portavoz del Gobierno, Mar√≠a Jes√∫s Montero, que habl√≥ de un efecto en ‚ÄúV‚Äù, es decir, una ca√≠da del crecimiento con un rebote r√°pido, que en el caso de Espa√±a la OCDE cree incluso que pueda producirse ya en 2021.Este es el mismo mensaje que traslad√≥ anoche por medio de la detallada explicaci√≥n el director general de Informaci√≥n Econ√≥mica de la Secretar√≠a de Estado de Comunicaci√≥n, Daniel Fuentes, a trav√©s de su cuenta personal de Twitter. Aun advirtiendo de que¬†""no es f√°cil cuantificar en tiempo real el posible impacto econ√≥mico""¬† de un fen√≥meno como el coronavirus, puso el foco en un √≠ndice que se elabora en base a las compras de manufacturas, en este caso a China, el origen del virus, que indica un ‚Äúpar√≥n de la actividad manufacturera‚Äù china en el √∫ltimo mes ‚Äúa causa, principalmente, de las medidas preventivas adoptadas para controlar la propagaci√≥n del COVID-19‚Äù.A partir de ah√≠, Fuentes hace una extrapolaci√≥n del efecto que esto puede tener en la econom√≠a espa√±ola en base al ‚Äúarrastre‚Äù de la situaci√≥n que se registra en las manufacturas chinas y las previsiones que han hecho diversos organismos nacionales e internacionales. Su conclusi√≥n es que el coronavirus tendr√° un ‚Äúposible impacto econ√≥mico sobre el crecimiento global‚Äù que ser√° ‚Äúen forma de V‚Äù es decir, con ‚Äúrecuperaci√≥n posterior‚Äù y que ‚ÄúEspa√±a se ver√≠a menos afectada que otras grandes econom√≠as europeas‚Äù.üëâ No es f√°cil cuantificar en tiempo real el posible impacto econ√≥mico de un fen√≥meno del tipo coronavirus...‚û°Ô∏è Sobrevenido‚û°Ô∏è Global‚û°Ô∏è Incierto... del que, sin embargo, s√≠ sabemos algunas cosas:üü© Objetivasüüß Medibles, pero subjetivasVeamos... üßê[1/n]‚Äî Daniel Fuentes üá™üá∫ (@dfuentescastro) March 3, 2020"
"Campo rebaja la pol√©mica sobre la ley de libertad sexual: ""el Ministerio de Justicia contribuye con el de Igualdad""","La ley del 'solo s√≠ es s√≠' arranca con tensiones en la coalici√≥n por el PSOE.Consentimiento expreso, juzgados especializados, penas diferentes‚Ä¶ Las claves de la ley del ‚Äòsolo s√≠ es s√≠‚Äô.","Las discrepancias entre los dos partidos del Gobierno de coalici√≥n sobre la ley del ""solo s√≠ es s√≠"" aprobada por el ministro de Igualdad de Irene Montero no han quedado de puertas para adentro en¬†Moncloa. A las filtraciones de acusaciones entre ministerios por entorpecer la aprobaci√≥n de la norma se sum√≥ este martes una cr√≠tica directa del vicepresidente Pablo Iglesias, que se√±al√≥ que ""en las excusas t√©cnicas hay mucho machista frustrado"", en clara referencia al ministro de Justicia y que, lejos de diluirse, ha sido respondida por los socialistas.El propio Juan Carlos Campo se ha pronunciado este mi√©rcoles por primera vez sobre el asunto y¬†ha defendido su gesti√≥n para garantizar que la ley fuera ""lo m√°s perfecta posible"": ""Hay ministerios un poco m√°s antip√°ticos como Hacienda o Justicia, nos vamos poniendo tiquismiquis para que las leyes que salgan del Gobierno sean lo mas perfectas posibles"".¬†Para rebajar la tensi√≥n, ha se√±alado que su departamento ""colabora con el Ministerio de Igualdad"".El acoso sexual a las mujeres en la calle y en los bares ser√° delito y acarrear√° multas, arrestos o trabajos comunitariosCampo no ha querido agrandar la pol√©mica y ha restado importancia a los calificativos alegando que ""los pol√≠ticos hablamos demasiado"", aunque s√≠ ha recalcado que esta es una ""ley del Gobierno, de un gobierno feminista"" y se ha¬†felicitado por que vea la luz.¬†La de Campo no ha sido la √∫nica respuesta por parte de los socialistas. La portavoz parlamentaria del PSOE, aunque fuera del Ejecutivo de Pedro S√°nchez, no ha querido dejar pasar la oportunidad de intervenir en la pol√©mica alegando en un desayuno informativo que¬†""no hay ministros machistas, aqu√≠ hay un Gobierno feminista del primero al √∫ltimo"".La portavoz del PSOE ha querido dejar claro que la aprobaci√≥n por el Consejo de Ministros del anteproyecto de ley de libertad sexual representa ""una victoria del Gobierno de coalici√≥n"".La elaboraci√≥n de esta norma y sobre todo la fecha de su aprobaci√≥n por el Consejo de Ministros ha sido motivo de discordia entre los dos socios de la coalici√≥n, con Podemos presionando para que el Gobierno aprobara el anteproyecto antes de la fecha simb√≥lica del 8 de marzo, D√≠a de la Mujer."
Planas pide a las CC AA que hagan m√°s controles ante posibles incumplimientos de la Ley de la cadena alimentaria¬† ¬†¬†,El ministro ha expresado la necesidad de intensificar los controles de lucha contra el fraude de los alimentos.Emplaza a las CC AA a colaborar para poner en pr√°ctica las medidas urgentes del Gobierno para el campo.,"El ministro de Agricultura, Pesca y Alimentaci√≥n, Luis Planas, ha remitido una carta a todos los consejeros de Agricultura para que, en el √°mbito de sus competencias, pongan en marcha las medidas urgentes aprobadas por el Gobierno para aportar soluciones a la ""compleja"" situaci√≥n por la que atraviesa el sector agr√≠cola.¬†En la misiva, el ministro ha destacado la importancia del di√°logo y el trabajo conjunto entre las administraciones, ya que las autonom√≠as pueden contribuir ""significativamente"" a mejorar la situaci√≥n de agricultores y ganaderos.¬†As√≠, en relaci√≥n con la aplicaci√≥n de la Ley de la cadena alimentaria, el ministro ha pedido a las comunidades que intensifiquen los controles ante posibles incumplimientos, estableciendo un procedimiento de coordinaci√≥n que permita tramitar los expedientes sancionadores de acuerdo con el reparto competencial recogido en dicha ley.¬†El ministro ha dado ya instrucciones a la Agencia de Informaci√≥n y Control Alimentarios (AICA) para que coordine con las comunidades aut√≥nomas la elaboraci√≥n de un Plan de Control de la Ley de la Cadena, en el que se establezcan los controles m√≠nimos a realizar por cada autonom√≠a en su territorio.   ""Con ello conseguiremos un efecto multiplicador en la capacidad inspectora destinada a velar por el cumplimiento de la ley"", ha se√±alado.¬†El ministro ha destacado la obligaci√≥n de garantizar entre todos el cumplimiento ""estricto"" de esta ley, comprobando la existencia de contratos por escrito que cumplan la normativa y que los pagos se realizan en los tiempos establecidos. ""Todo ello redundar√° en seguridad para nuestros agricultores y ganaderos"", ha recalcado.Asimismo, Planas ha recordado a los consejeros la intenci√≥n del Gobierno de incrementar en, al menos, un 10% con respecto a su dotaci√≥n actual, la partida destinada al seguro agrario, en el proyecto de los Presupuestos Generales del Estado para 2020.   Este apoyo fue progresivamente recortado en anteriores Presupuestos Generales del Estado y en algunas comunidades aut√≥nomas, seg√∫n ha indicado. Por eso, el ministro ha pedido a los consejeros que hagan suyo el compromiso de incrementar la financiaci√≥n de su autonom√≠a destinada al seguro agrario.¬†De igual forma, ha expresado la necesidad de intensificar los controles de lucha contra el fraude de los alimentos, ya que se trata de un enga√±o a los consumidores que genera, adem√°s, competencia desleal entre los productores y operadores del mismo sector, con el consiguiente deterioro del valor y la imagen de los productos.¬†El ministro ha destacado la importancia de llevar a cabo un ""cumplimiento riguroso"" de las normas de comercializaci√≥n en el sector de frutas y hortalizas, en todos los eslabones de la cadena, incluido el punto de venta. Ello incluye, seg√∫n ha se√±alado, una ""correcta y veraz"" informaci√≥n del origen en el etiquetado.¬†Seg√∫n Planas, el cumplimiento de estos m√≠nimos est√°ndares de calidad y veracidad de la informaci√≥n que se ofrece al consumidor resulta ""fundamental para lograr la deseada valorizaci√≥n de nuestros productos hortofrut√≠colas""."
"Las campa√±as electorales en Euskadi y Galicia, en el aire por el coronavirus",Valencia confirma el primer fallecido con coronavirus en Espa√±a.DIRECTO: √öltimas noticias sobre la evoluci√≥n del Covid-19.,"Los actos electorales de los partidos pol√≠ticos ante las elecciones auton√≥micas del pr√≥ximo 5 de abril en Pa√≠s Vasco y Galicia se pueden ver afectados por la expansi√≥n del virus Covid-19, especialmente a final de mes cuando se produzca el inicio oficial de la campa√±a electoral y se incremente el n√∫mero de actos partidistas.El hilo viral que cuenta c√≥mo la histeria por el coronavirus se ha adue√±ado de un grupo de WhatsApp de padresLa evoluci√≥n que se produzca de este virus podr√≠a influir en los actos electorales del periodo oficial de la campa√±a electoral, que se desarrollar√° entre los d√≠as 20 de marzo y 3 de abril, seg√∫n admitieron fuentes socialistas de Euskai y Galicia.Trasladaron que las modificaciones afectar√≠an fundamentalmente a la supresi√≥n de grandes m√≠tines, cuesti√≥n que ya ha estudiado el Ejecutivo vasco aunque todav√≠a no ha tomado ninguna decisi√≥n a la espera de la evoluci√≥n del Covid-19, admiten fuentes pr√≥ximas a la Lehendakaritza.El presidente y l√≠der del PSOE, Pedro S√°nchez, ten√≠a previsto participar los fines de semana en la precampa√±a altern√°ndose con eventos de partido en Galicia y Pa√≠s Vasco. Si bien, el pr√≥ximo no participar√° en ning√∫n acto del partido. En los dos √∫ltimos domingos, S√°nchez asisti√≥ a m√≠tines en Santiago y Vitoria, respectivamente.En la capital vasca se detectaron este lunes varios afectados por el coronavirus en una comunidad en la que, por el momento, ya hay 13 personas infectadas por el virus en el Pa√≠s Vasco y en observaci√≥n m√°s de 200 personas. No obstante, fuentes del Ejecutivo gallego recuerdan que en Galicia todav√≠a no se ha detectado ning√∫n contagio.Fuentes de La Moncloa aseguraron a Servimedia que, ‚Äúpor ahora, no hay cambios o modificaciones‚Äù, en la agenda del presidente del Gobierno.Seg√∫n la agenda semanal que distribuy√≥ el Ejecutivo, el presidente solo ten√≠a actos previstos para el lunes, martes y mi√©rcoles, todos ellos en Madrid, repartidos entre el Palacio de la Moncloa y el Palacio de la Zarzuela, donde este mi√©rcoles acudir√° a la reuni√≥n del Consejo de Seguridad Nacional que presidir√° el Rey."
"El Gobierno quiere que los menores no acompa√±ados puedan trabajar a partir de los 16 a√±os, como los dem√°s j√≥venes","Augura ""un nuevo proceso migratorio intenso a mediados de esta d√©cada"" para sostener las pensiones.","El Ministerio de Inclusi√≥n, Seguridad Social y Migraciones pondr√° en marcha una iniciativa para conseguir que los menores extranjeros tutelados por las administraciones (menas) puedan trabajar a partir de los 16 a√±os, como el resto de j√≥venes de su edad, sin tener que esperar a los 18.As√≠ lo anunci√≥ este martes en el Senado el titular del departamento, Jos√© Luis Escriv√°, para quien la distinci√≥n actual resulta ""muy inadecuada"". Por ello, avanz√≥ que intentar√° modificar la normativa actual para que puedan incorporarse al mercado de trabajo en igualdad de condiciones.Seg√∫n Escriv√°, esto permitir√≠a resolver algunas situaciones como las que la senadora del PNV Nerea Ahedo denunci√≥ durante la interpelaci√≥n que le dirigi√≥ en la C√°mara Alta.En concreto, Ahedo se refiri√≥ a los j√≥venes extutelados que dejan de depender de la administraci√≥n ""en cuanto cumplen 18 a√±os y se convierten en j√≥venes extranjeros no acompa√±ados y sin papeles"".""Esto se debe a una interpretaci√≥n muy restrictiva de la ley"", apunt√≥, que exige ""disponer de recursos econ√≥micos"" para la concesi√≥n de los permisos. ""Piensen en un chico de 18 a√±os. Piensen en sus hijos ¬øC√≥mo vamos a pedirle eso a un chico que se est√° formando, que no puede trabajar?"", inquiri√≥ Ahedo.Pacto de EstadoEscriv√°, que alab√≥ el Pacto Social por las Migraciones firmado en Euskadi, reiter√≥ su propuesta a todas las fuerzas pol√≠ticas para alcanzar un gran pacto de Estado sobre migraci√≥n en Espa√±a. A su juicio, este pasar√≠a por reformar la ley de extranjer√≠a, pues la norma ""data de 2000 y desde entonces han pasado muchas cosas"".""Muchos inmigrantes esperan tres a√±os en una situaci√≥n an√≥mala para despu√©s empezar a acreditar el arraigo"", indic√≥ que ministro, que a√±adi√≥ que hay que avanzar hacia ""un sistema en el que se concedan muchos m√°s permisos vinculados a la contrataci√≥n y menos que dependan del arraigo"".""Vamos a tener que abordar un proceso muy intenso de llegada de inmigrantes para mantener nuestras pensiones""Adem√°s, manifest√≥ que la nueva ley deber√° integrar ""de forma coherente"" la normativa de 2013 referida a los emprendedores, que regula la contrataci√≥n de perfiles con alta cualificaci√≥n.Escriv√° vincul√≥ la inmigraci√≥n al reto demogr√°fico y asegur√≥ que ""sin la llegada de inmigrantes producida en torno a 2000 Espa√±a tendr√≠a ahora 39 millones de habitantes en lugar de 47. ¬øC√≥mo mantendr√≠amos las pensiones con nueve millones de habitantes menos?"", se pregunt√≥. ""Yo comprendo que esto es dif√≠cil de explicar con un paro en torno al 14%, pero as√≠ es"".Del mismo modo, vaticin√≥ que a mediados de esta d√©cada ""vamos a tener que abordar un proceso muy intenso de llegada de inmigrantes para mantener nuestras pensiones"". Por ello, insisti√≥ en que es necesario el pacto, que tambi√©n supondr√≠a modificar la Ley de Asilo, un terreno en el que Escriv√° no profundiz√≥.M√°s coordinaci√≥nPor otro lado, el ministro se√±al√≥ la necesidad de alcanzar una mayor coordinaci√≥n con las comunidades aut√≥nomas y los ayuntamientos, motivo por el que defendi√≥ la convocatoria de una conferencia sectorial en la que pueda acordarse ""la distribuci√≥n de muchos fondos destinados a la acogida entre los niveles de la administraci√≥n m√°s pr√≥ximos"" al ciudadano.Tambi√©n reclam√≥ la colaboraci√≥n de comunidades y entes locales en la identificaci√≥n de edificios p√∫blicos que ""puedan reconducirse a la acogida de solicitantes de asilo"". ""Vamos a empezar con los que dependen de la Administraci√≥n General del Estado o son propiedad de la Sareb"", afirm√≥.Por √∫ltimo, subray√≥ que en la actualidad la secretar√≠a de Estado examina muchos programas sobre los que dijo estar ""seguro"" que se ""pueden coordinar mucho mejor junto a todos los niveles de la administraci√≥n""."
"Albert Soler Buf√≠: ""El 'proc√©s' es una enfermedad cr√≥nica y los catalanes vamos a tener que convivir con ella""","Entrevista al periodista del 'Diari de Girona', una de las voces en catal√°n m√°s cr√≠ticas con el 'proc√©s'.Todas las noticias sobre el proceso independentista catal√°n.","Sus columnas de opini√≥n en el Diari de Girona son torpedos teledirigidos contra la l√≠nea de flotaci√≥n del proc√©s y muy especialmente contra sus protagonistas, que a diario son caricaturizados y ridiculizados con las poderosas armas de la iron√≠a y el sarcasmo.¬†Lo m√°s curioso es que esos √°cidos textos los firma un catal√°n de pura cepa, est√°n escritos en perfecto catal√°n y se publican en Girona, la capital de facto del nacionalismo catal√°n.¬†El periodista¬†Albert Soler Buf√≠¬†es su responsable y acaba de recopilar sus mejores columnas en un libro traducido tambi√©n al castellano: Nos cansamos de vivir bien: la otra cara del proc√©s¬†(Editorial¬†Sagesse).¬øCon el t√≠tulo del libro sugiere que antes del proc√©s se viv√≠a bien en Catalu√±a y ahora no tanto?¬†Claro que ha empeorado la situaci√≥n con el proc√©s, pero todav√≠a se vive bien en Catalu√±a. De ah√≠ que mucha gente, m√°s de la que pensamos, no entienda que nos hayan embarcado en esta especie de arcadia ut√≥pica sin saber a d√≥nde va. El titulo es un ¬øpor qu√©?, ¬øa qu√© viene todo esto si aqu√≠ se vive de puta madre? El proc√©s era innecesario completamente y ha estropeado la convivencia en Catalu√±a.¬†albert soler buf√≠Naci√≥ en Girona, en 1963. Periodista. Ha trabajado, entre otros medios, para los peri√≥dicos 'El Punt', 'Nou Diari' y 'La Vanguardia'. Desde el a√±o 2002 es columnista en el 'Diari de Girona'.¬†Acaba de publicar el libro 'Nos cansamos de vivir bien: la otra cara del proc√©s'.Utiliza el humor para ridiculizar a los l√≠deres independentistas, ¬øa usted le hace gracia el proc√©s? Yo admiro a los periodistas o polit√≥logos que se lo toman en serio porque no s√© c√≥mo lo consiguen. Yo soy incapaz de tomarme en serio a esa tropa, son rid√≠culos. No veo otra forma de escribir del proc√©s que no sea tom√°ndomelo a risa. Ves a Puigdemont, Torra, Cotarelo, Pilar Rahola‚Ä¶ ¬øqui√©n se puede tomar en serio a esa tropa? Es imposible, imposible. Tambi√©n escribo as√≠ porque la s√°tira y el sarcasmo les jode mucho m√°s.¬øNo tiene tambi√©n un punto dram√°tico? Supongo que para mucha gente s√≠ lo tiene porque, por m√°s que lo nieguen, el proc√©s ha provocado una fractura en la sociedad catalana, entre familias, amigos... yo conozco matrimonios que se han roto por el proc√©s. La fractura existe y eso s√≠ que va a ser dif√≠cil de solucionar, quiz√°s hagan falta un par de generaciones. A m√≠ me importa todo un bledo, pero entiendo que haya gente a la que le preocupe porque ha perdido amigos, ha tenido que cambiar de pueblo, etc. Es muy triste. Han hecho una mierda de pa√≠s. Esta gente (los l√≠deres independentistas) nos quer√≠an montar la Dinamarca del sur, pero si llegan a tener √©xito nos habr√≠an montada la Corea europea, la del norte, claro.¬øCu√°ntas cartas han llegado a la redacci√≥n del¬†Diari de Girona pidiendo su cese?A m√≠ no me llegan, le llegan al director‚Ä¶ (risas) Yo s√© que a veces llama gente exigiendo mi cabeza, incluso hubo un senador del Reino de Espa√±a, el famoso Matamala -senador de JxCat-, un vividor que cada vez que se va a Bruselas dice que se exilia y luego vuelve para que lo reciban con majorettes, que un d√≠a se encontr√≥ a mi director en Girona y le dijo 'a ver si fren√°is un poco al Albert Soler'. ¬°Un senador de Espa√±a! que en teor√≠a debe ser garante de la ley y por supuesto de la libertad de expresi√≥n, dici√©ndole a mi director que hiciera el favor de callarme. Eso indica c√≥mo ser√≠a la 'republiqueta' esa que nos quer√≠an montar: todo aquel que no fuera af√≠n al r√©gimen tendr√≠a que callarse.""En la 'republiqueta' que nos quer√≠an montar, todo aquel que no fuera af√≠n al r√©gimen tendr√≠a que callarse""¬øHay que ser valiente para escribir lo que escribe en Girona? No, no lo creo. Quiz√°s irresponsable s√≠, pero no valiente. Al fin y al cabo esto tampoco es Ciudad Ju√°rez y la gente no va con pistola por la calle. La verdad es que me encuentro a mucha m√°s gente que me saluda por la calle que a gente que me diga algo o me insulte, eso es rar√≠simo. Una vez apareci√≥ una pintada en la sede del peri√≥dico que pon√≠a ‚ÄòAlbert Soler, vigila tu espalda‚Äô, pero pens√© que me la dej√≥ mi fisioterapeuta porque me siento muy mal delante del ordenador.¬†¬øEs complicado para un no nacionalista vivir en Catalu√±a?¬†No para m√≠ porque me la suda todo, pero es dif√≠cil para mucha gente. Cuanto m√°s peque√±o es el pueblo, mucho peor. A m√≠ me para gente por la calle y me dice que siga escribiendo lo que escribo, pero que no me puede poner si quiera un like en las redes sociales porque trabaja en tal sitio. La gente calla y eso es muy triste. No puedo criticarlo porque si tuviera un negocio quiz√°s tambi√©n preferir√≠a no exponerme para no tener que cerrar. Por suerte trabajo en un peri√≥dico en el que puedo decir lo que me da la gana. Y si a alguien le molesta, mucho mejor.¬øHay m√°s gente cansada del proc√©s de la que parece? S√≠, hay mucha gente que est√° hasta el gorro, pero sigue dentro del armario, como los gays hace a√±os. Yo les animo a salir del armario, aunque s√© que es dif√≠cil porque aqu√≠ mandan los nacionalistas. Pero tambi√©n conozco a muchos independentistas, que lo siguen siendo, y que est√°n hasta el gorro del proc√©s.""Conozco a muchos independentistas, que lo siguen siendo, y que tambi√©n est√°n hasta el gorro del proc√©s""¬øPor qu√© ha crecido tanto el n√∫mero de independentistas en Catalu√±a en los √∫ltimos a√±os? ¬øY por qu√© ha ganado el brexit en Reino Unido? ¬øy por qu√© ha ganado Trump en Estados Unidos? Pues porque estamos en la era de los populismos y est√°n teniendo √©xito en todo el mundo: prometen muchas cosas, te dicen que eres mejor que el resto... el populismo va a lo f√°cil y la gente no quiere pensar demasiado. Es un fen√≥meno que est√° pasando en todas partes y Catalu√±a ha tenido tambi√©n su dosis de populismo. Lo veo como un signo de los tiempos.¬øD√≥nde situar√≠a el 'momento cero' del proc√©s, el comienzo de todo esto? Se podr√≠a mirar atr√°s hasta Jordi Pujol y su famoso Proyecto 2000, que ya hablaba de controlar la educaci√≥n, la televisi√≥n, los medios p√∫blicos... Creo que Pujol puso la primera piedra. Luego lleg√≥ Artur Mas y el pobre ten√≠a tanta corrupci√≥n encima que no tuvo m√°s remedio que saltar al abismo y la gente se lo crey√≥.¬†Y la cosa continu√≥ con Puigdemont y Torra... Pensabas que no pod√≠a llegar nadie peor, pero s√≠: se fue Mas y lleg√≥ Puigdemont, un farsante y cobarde que no fue ni capaz de ir a votar en el refer√©ndum a su propio colegio. Entonces te dices que ahora s√≠ es imposible que llegue alguien peor, pero llega Torra, que es el colmo de la ineficacia‚Ä¶ esta gente siempre nos sorprende. Ya lo he dicho alguna vez, yo creo que siguiendo esta progresi√≥n el pr√≥ximo president tiene que ser un mejill√≥n en escabeche.El presidente de la Generalitat, Quim Torra, y el expresidente Carles Puigdemont.Archivo¬øCu√°ndo acabar√° el proc√©s? ¬øtiene fecha de caducidad?¬†A m√≠ me gustar√≠a que durara siempre porque me da las columnas casi hechas. Escucho a Puigdemont o Torra y tendr√≠a suficiente con escribir lo que han dicho para que la gente se riera. Pero claro, entonces mi director no me pagar√≠a, as√≠ que intento poner algo de mi cuenta, aunque a veces me es complicado mejorar lo que han dicho. S√≠, creo que tendr√≠a que haber un proc√©s nuevo cada a√±o e ir renovando el casting.¬øEn serio le gustar√≠a que fuese eterno? A m√≠ me da que se va a cronificar, de hecho ya se ha cronificado porque ¬øqu√© es el proc√©s? Es pedir de vez en cuando di√°logo, cortar una calle de 8.00 h a 9.00 h, montar una performance alg√∫n d√≠a al a√±o, colgar un lacito amarillo‚Ä¶ y ya est√°, es una enfermedad cr√≥nica y vamos a tener que convivir con ella, pero no es nada m√°s que eso. Mucha gente vive con una enfermedad cr√≥nica y dura hasta 100 a√±os, as√≠ que no pasa nada.Entonces, ¬ørecomienda a los catalanes que aprendan a convivir con √©l? Si, s√≠, pero, insisto, no es nada m√°s que gente gritando y colgando pancartas, nada m√°s. Pueden gritar hasta quedarse af√≥nicos y colgar pancartas hasta que les sangren las manos, yo tengo otras formas de divertirme que no voy a revelar porque esto lo pueden leer menores.¬øEl proc√©s no¬†ha conseguido ning√∫n avance hacia la independencia?¬†No es que est√© exactamente igual que hace diez a√±os, sino que est√° igual que hace 50 a√±os en pleno franquismo. Ni un mil√≠metro han avanzado. Y sus l√≠deres lo saben, lo saben perfectamente.""La independencia est√° exactamente igual que hace 50 a√±os. No han avanzado ni un mil√≠metro y sus l√≠deres lo saben""Y lo de internacionalizar el proc√©s, ¬øha servido para algo? Para que de vez en cuando veamos a alg√∫n diputado desconocido de alg√∫n partido de extrema derecha flamenco o de por ah√≠ hacerse una foto con Puigdemont, m√°s como recuerdo antropol√≥gico que otra cosa. No s√© qu√© entienden por internacionalizar el proc√©s, pero, aunque ahora Puigdemont sea eurodiputado por un tiempo, ning√∫n pol√≠tico serio de Europa lo quiere cerca, es t√≥xico ese hombre.En sus columnas habla de los¬†procesistas como si fueran verdaderos fan√°ticos religiosos. S√≠, claro, son una secta. Este fin de semana Puigdemont hizo una aparici√≥n en Perpi√±√°n, como la virgen de F√°tima, y la gente fue en peregrinaci√≥n para verle y tocarle, igual creyendo que les va a curar enfermedades. Si Puigdemont se hubiera cortado el prepucio all√≠ mismo, lo habr√≠a vendido seguro a trocitos entre sus fieles. Solo se puede seguir a los lideres de sectas por la fe, si entrara en juego la raz√≥n, nadie le har√≠a caso.Tambi√©n ha sido extremadamente duro con los actos violentos protagonizados por los CDR o Arran, a quienes ha llegado a comparar con nazis... A m√≠ me hace gracia que digan que los de Vox son nazis o ultraderecha, que no tengo ni idea de si lo son, cuando yo a los √∫nicos que he visto boicotear actos, se√±alar al desafecto, cortar carreteras, etc, es decir, cometer actos xen√≥fobos, es a los CDR, a la CUP y dem√°s. Quiero decir con esto que si hay fascismo no solo est√° en Vox, a quien no he visto cometer actos fascistas, sino en esta gente, supuestos progresistas de la Rep√∫blica Catalana.Albert Soler.Jorge ParisOtras v√≠ctimas de su s√°tira son aquellos que solo salen de casa con un lazo amarillo en la solapa... Ponerse un lazo amarillo es una forma de decir, yo soy de los buenos y t√∫ de los malos. Y adem√°s abre muchas puertas. Yo conozco a bastantes compa√±eros periodistas que se han colocado en alg√∫n departamento de la Generalitat, instituto p√∫blico, museo, etc. No hay nada como llevar un lazo amarillo en Catalu√±a para que se te abran puertas y cobrar un buen sueldo. Ser 'lacista', como los llamo yo, es una forma de vida.¬øAlgo as√≠ como tener un m√°ster en el curr√≠culum?¬†Mucho mejor el lazo, d√≥nde va a parar. El m√°ster no sirve para nada, un lazo amarillo s√≠, y cuanto m√°s grande, mejor.¬øTiene alguna esperanza en esta nueva etapa de di√°logo que ha iniciado Pedro S√°nchez con el Govern?¬†Servir√° para dialogar, pero no va a solucionar nada si quien va a dialogar es Torra. S√°nchez no va a conseguir nada de un tipo as√≠, es imposible con esta gente.Parece que ERC ha renunciado a la v√≠a unilateral, ¬øva en serio o es un farol?¬†Esquerra se ha dado un poco cuenta de lo que es la realpolitik porque han visto que no han avanzado ni un mil√≠metro y que, en cambio, solo han conseguido multas y tener a gente en la c√°rcel. No es que yo tenga mucha fe en Junqueras y su tropa, pero bueno,¬†quiz√°s s√≠ cambiar√≠a un poco la cosa con un Govern sin majaderos mesi√°nicos como Torra o Puigdemont. Quiz√°s con ERC se podr√≠a llegar a alg√∫n acuerdo y desenquistar un poco la situaci√≥n.""Puigdemont tiene delirios de grandeza y cualquier d√≠a le veremos con un embudo en la cabeza crey√©ndose Napole√≥n""Usted trabaj√≥ con Puigdemont en la redacci√≥n del peri√≥dico El Punt, ¬øc√≥mo recuerda al expresident¬†en aquella √©poca? No tengo ning√∫n recuerdo especial. √âl era entonces jefe de redacci√≥n o algo as√≠ y recuerdo que el primer d√≠a que llegu√© me dijeron '¬øves ese tipo de ah√≠? pues no soporta que el tel√©fono suene m√°s de tres veces, as√≠ que si suena date prisa al cogerlo'. A veces pienso que igual se trastorn√≥ porque un d√≠a el tel√©fono son√≥ m√°s de tres veces.¬øInsin√∫a que Puigdemont est√° loco? Muy bien de la cabeza no est√° ese hombre. Tiene delirios de grandeza y cualquier d√≠a le veremos con un embudo en la cabeza crey√©ndose Napole√≥n. Creo que la caja de resistencia tendr√≠a que destinar alg√∫n dinero para su tratamiento psiqui√°trico. No creo que se cure, pero igual podr√≠an lograr que no se notaran tanto sus deficiencias.En su libro dice que Puigdemont sab√≠a que el refer√©ndum era una farsa, pero que Mariano Rajoy le ech√≥ un cable al mandar a la Polic√≠a...¬†Creo que s√≠, que le hizo un favor, aunque tambi√©n hubo mucha exageraci√≥n con aquello. Aqu√≠ vino la Polic√≠a y peg√≥ cuatro porrazos, pero muchos menos de los que pegan 100 kil√≥metros m√°s arriba en cualquier manifestaci√≥n de los chalecos amarillos. Pero s√≠, sirvi√≥ para alargar el relato del victimismo catal√°n que tanto nos gusta: que hubo mil heridos, que no hubo muertos de milagro, que a una le rompieron los dedos...nada de eso es cierto. Rajoy, m√°s que a Puigdemont, le hizo un favor al tan tradicional victimismo catal√°n. Nosotros no podemos vivir sin sentirnos v√≠ctimas, pero ya no sab√≠amos qu√© hacer y entonces vino Rajoy con su Polic√≠a y ya tenemos victimismo para un par de d√©cadas por lo menos."
